{"cameraMode":{"drawMode":0,"name":"Shaded","section":"Shading Mode"},"sceneLighting":false,"audioPlay":false,"sceneViewState":{"showFog":true,"showMaterialUpdate":false,"showSkybox":false,"showFlares":true,"showImageEffects":true,"showParticleSystems":true,"showVisualEffectGraphs":true,"m_FxEnabled":true},"in2DMode":false,"pivot":{"x":11.401144027709961,"y":57.76858901977539,"z":-149.87039184570313},"rotation":{"x":-0.11856212466955185,"y":0.033809345215559009,"z":-0.0028388146311044695,"w":-0.9923691153526306},"size":3.3073947429656984,"orthographic":false}