{"cameraMode":{"drawMode":0,"name":"Shaded","section":"Shading Mode"},"sceneLighting":true,"audioPlay":false,"sceneViewState":{"showFog":true,"showMaterialUpdate":false,"showSkybox":true,"showFlares":true,"showImageEffects":true,"showParticleSystems":true,"showVisualEffectGraphs":true,"m_FxEnabled":true},"in2DMode":false,"pivot":{"x":2.3031914234161379,"y":-4.8214335441589359,"z":7.199256896972656},"rotation":{"x":0.07091910392045975,"y":0.9236859083175659,"z":-0.21653637290000916,"w":0.30804604291915896},"size":9.411141395568848,"orthographic":false}